USERID,address
" Ben L ","Haarlem, The Netherlands"
"_jo7eisen ","Charleston, South Carolina"
"00vette48306 ","Rochester, Michigan"
"0144 ",Michigan
"03221108michelle ",null
"1_Goddess_of_Travel ","Livonia, Michigan"
"101Retired ",null
"104gailh ","Washington DC, District of Columbia"
"1066ClintE ","United States"
"111familyman111 ","Denver, Colorado"
"11429080Gerry ","Phoenix, Arizona"
"1163Teri ","Syracuse, New York"
"1212rose1212 ","Philadelphia, Pennsylvania"
"12318 ",Detroit
"1234_10 ","Ann Arbor, Michigan"
"123kpossible ",null
"124Phyllis_M_12124 ","Detroit, Michigan"
"125craigj ","Ottawa "
"12688 ","San Francisco, California"
"127rockyr ",null
"12MCrystal ","Detroit, Michigan"
"12Nick ","Brighton, Michigan"
"132gardener ","Northville, Michigan"
"13TigersLady ","Ray twp, michigan"
"1402truman ","Dunedin, Florida"
"155019Jan ","Toronto, Canada"
"155019Jane ","Toronto, Canada"
"174DET ","Southfield, Michigan"
"18John1971 ","Warren, Michigan"
"18Tiger1 ","Royal Oak, Michigan"
"1920v ","Morris, NJ"
"193trishb ",Michigan
"1988donika ",Michigan
"1bee2busy ","Manhattan, New York, United States"
"1Bustrav ","Saint Cloud, Florida"
"1catsmeow ","Windsor, Ontario"
"1DW1 ","Clinton Township, Michigan"
"1Edith1 ",Merida
"1EpicureanAdventurer ","Dyer, Indiana"
"1John51415 ","Mobile, Alabama"
"1Kare1 ",Colorado
"1lilcook ","Grosse Pointe Park, MI"
"1MissKay ","New Jersey"
"1n2u ","United States"
"1QueenBee2 ","Walnut Creek, California"
"1Rahhalatun ","Troy, Michigan"
"1waytogo ","Orlando, Florida"
"2011heather16 ","Toronto, Canada"
"206JanF ","North Street, MI"
"207karld ",null
"20briang ",Ontario
"214tracic ","Northampton, United Kingdom"
"216TimG ","Cleveland, Ohio"
"218Traveler ","Detroit, Michigan"
"21stcpc ",null
"225missy ","Saint Clair, Michigan"
"23Neary ","Cheticamp, Canada"
"23yrs ",null
"2424Saman ",null
"251ceh ","Yokohama, Japan"
"257connieo ",null
"260lancec ","Saint Charles, Missouri"
"275THOMASB ","Rock Hill"
"2b2yo2256 ","Royal Oak, Michigan"
"2Moore ","Detroit, Michigan"
"2RedSquirrels ","Windsor, Canada"
"2seniors2travel ","Fenton, Michigan"
"2Vegas ","Las Vegas, Nevada"
"2whalea ","Rome, Italy"
"2wheeler1800 ","Belleville, Michigan"
"300hollyh ","Powell, Ohio, United States"
"307x ","Toronto, Canada"
"310tammit ",michigan
"311Jani1951 ","Davison, Michigan"
"311TORYY ","Siem Reap, Cambodia"
"311velmas ",null
"313Eastsider ","Detroit, Michigan"
"313friend ","Clinton Township, Michigan"
"314dorothyb ","Hazel Park"
"314thomast ",null
"318ws ","Alexandria, Virginia"
"321retiree ","Garden City, Michigan"
"322elixx ",null
"326Traveller ","Brookline, Massachusetts"
"327stanleyk ","Detroit, Michigan"
"330debbieg ",Atlanta
"334mel2013 ","San Diego, California"
"33kk ","Washington DC, District of Columbia"
"360as2016 ","Austin, Texas"
"365Kate ","Wyandotte, Michigan"
"369christyl ","Rock Hill, South Carolina"
"370dmac ","Walled Lake, Michigan"
"37EJM ","Arnprior, Canada"
"38002Traveler ","Detroit, Michigan"
"407bert407 ","Cedarville, Michigan"
"4114sml ","Detroit, Michigan"
"411melissag ",null
"42492Escamillo ","Santa Fe, New Mexico"
"442markc442 ","Seattle, Washington"
"444terryw ",null
"446raymondr ","Livonia, Michigan"
"447more ",null
"461suzanned ",MI
"467kristia ",null
"471susannek ","Detroit, Michigan"
"482JamesS482 ","Northville, Michigan"
"4Collvers ","London, Canada"
"4everamused ","Racine, Wisconsin"
"4fairfax ","Detroit, Michigan"
"4GTravels ",Ohio
"4kb83 ","Floyd, Virginia"
"4mysanity ","Windsor, Canada"
"4states ",null
"4Titude ","Grosse Pointe, Michigan"
"4travelfan11 ","Midland, Michigan"
"4U2C2B1 ",null
"4youandme2 ","Naples, Florida"
"50Col ","Winnipeg, Canada"
"50statesmom ","Detroit, Michigan"
"50statesorbreak ","Franklin, Tennessee"
"515any ","Haslett, Michigan"
"532Joel ","Mount Pleasant, South Carolina"
"536ernestz ",null
"540paulz ",Chicago
"545vicky30 ","Warren, Michigan"
"547rania ",California
"54er ","Midwest, USA"
"552elainel ","Southfield, Michigan"
"5600loveland57 ",null
"569Nicco ","Banbury, United Kingdom"
"57AOK ",null
"57dat ","Detroit, Michigan"
"5910 ","Port Huron"
"596freyah ","Dallas, Texas"
"5cool7 ",null
"5kmilesin2010 ","Winnipeg, Canada"
"60andout ","st clair michigan"
"60curtp ",null
"614tinam ","Ottawa, Canada"
"617anitab ","Livonia, Michigan"
"618pattys ","Center Valley, Pennsylvania"
"61tmd ","Caratunk, Maine"
"621theresag ","Detroit, Michigan"
"635karlas ","Philadelphia, Pennsylvania"
"64lily ","Sterling Heights, Michigan"
"653BettyAnn ","Newcastle upon Tyne, United Kingdom"
"65Mustangman ",Wattsburg
"663craigl ","Oxford, Michigan"
"670ronaldp ","Toronto, Canada"
"69-Mach1-lvr ","Bloomfield Hills, Michigan"
"6milliondollarpostmn ",null
"6roset ","Dearborn, Michigan"
"715michigan05 ","North Las Vegas, Nevada"
"722ljd81 ","Columbus, Ohio"
"723leishac ","London, United Kingdom"
"72jolenep ","Warren, Michigan"
"73grace1204 ","Northville, Michigan"
"740elaine ","Green Valley, Arizona, United States"
"763averys ","Detroit, Michigan"
"771974 ",null
"7808BillyD ","Harvey, Illinois"
"790christopheru ","Detroit, Michigan"
"795Matty ","Kampong Cham, Cambodia"
"7elizabeth ","Troy, Michigan"
"803kayv ","Detroit, Michigan"
"826Suzie ","Royal Oak, Michigan"
"827terreng ","New London, Connecticut"
"8338y ","Northampton, United Kingdom"
"833travelguy ",Champaign
"836erikaj ",null
"856shandag ",null
"87181 ",null
"872emilye ","Baton Rouge, Louisiana"
"888YKB ",USA
"892dizzy ","Traverse City"
"9120marz ","Milwaukee, WI"
"913WorldTraveler ","Lincoln, Nebraska"
"915Me ","Bristol, Tennessee"
"921cleaner ","Detroit, Michigan"
"922alejandrol ","Rochester Hills, Michigan"
"925dianen ","Pleasant Lake, Michigan"
"968agv ","Cleveland, Ohio"
"974julief ","Sarasota, Florida, USA"
"982pamb ","Boca Raton, Florida"
"A D ","Chicago, Illinois, USA"
"A G ",Chesterfield
"A R ","London, Canada"
"A TripAdvisor Member ","Lexington, South Carolina"
"A_C100889 ","Detroit, MI"
"A_France_IL ","Ames, Iowa"
"A1STAT ",null
"A2freqtrav ","Ann Arbor, Michigan"
"a2teacher ","Ann Arbor, MI"
"A2travler ",null
"aann4kd ","Detroit, Michigan"
"Aaron B ","Detroit, Michigan"
"Aaron G ",null
"Aaron O ","Brantford, Canada"
"Aaron P ","Silver Spring, Maryland, United States"
"Aaron R ",Flint
"Abbe S ","Durham, North Carolina"
"Abby G ",null
"Abby J ",null
"abby217 ","Brownstown Township, Michigan, Usa"
"Abdullah A ","Riyadh, Saudi Arabia"
"AbeSingh ","Detroit, Michigan"
"Abhabansal ","Ghaziabad, India"
"Abhi26_Travels ","Toronto, Canada"
"Abigail W ","West Bloomfield, Michigan"
"ABLePlymouth_MI ","Plymouth, Michigan"
"abletokhuna ","Rochester Hills, Michigan"
"ABRAHAM F ",null
"absmom65 ","Detroit, Michigan"
"ABSPORTSFAN ",Michigan
"AbuKyle ","Livonia, Michigan"
"Aburel ","Toronto, Canada"
"accio7 ","Toronto, Canada"
"ace4444 ","Fairfax, Virginia"
"acedaughter ","Oakville, Canada"
"acedude ",detroit
"acgames ",Essex
"achoo2 ","titusville, fl"
"acjcy ",NJ
"Action_Jackson2 ","Milton, Canada"
"Acton K ","Ottawa, Canada"
"ACW2243 ","Orangeburg, South Carolina"
"ad0121 ","Northville, Michigan"
"Adam G ","Novi, Michigan"
"Adam P ","Bethesda, Maryland"
"Adam S ",Prest
"Adam T ","Bradenton, Florida"
"Adam W ","Schaumburg, Illinois"
"adam0425 ",michigan
"Adam080 ","Orlando, Florida"
"adameg ","Williamsburg, Virginia"
"AdamKlu ","Orange, California"
"Adem A ","Hamilton, Canada"
"Aditya G ","Delhi, India"
"ADJ_Wanderlust ","Bay Village, Ohio"
"Adnil-94102 ",null
"AdrianaJoh14 ","Los Angeles, California"
"adrianna24sings ","Los Angeles, California"
"adrianne l ",null
"AdriCampbell ","Melbourne, Australia"
"Adrienne C ","Alma, Michigan"
"Adrienne L ","Medina, Ohio"
"AdrienneSip ","Ann Arbor, Michigan"
"adrijames23 ","Miami Beach, Florida"
"AdrockDallas ",null
"ads7788 ","Surrey, United Kingdom"
"adshawver ","Grosse Pointe, Michigan"
"adslack ",null
"AdventureMonkey12 ","Gladstone, Michigan"
"AdventuresTravelClub ","Norwalk, Ohio"
"Adventurousness ","Warren, Michigan"
"aebmd ","Davenport, Iowa"
"aelainen ","Grand Rapids, Michigan"
"Aerie5 ",Detroit
"AFM33 ","Midland, Michigan"
"Aga9 ",Wauconda
"agac ","Ontario, Canada"
"AGG1978 ","Detroit, Michigan"
"AggieBandMom02 ","Hilltop Lakes, Texas"
"aghdar ","Dayton, Ohio"
"agk62679 ","Williamstown, Pennsylvania"
"Ahmad A ",null
"AHotaling ","Chelsea, Michigan"
"aichinka ","Miami Beach, Florida"
"aidag707 ","Kalamazoo, Michigan"
"AikenJoshAndrew ","Los Angeles, California"
"Aileen F ","Northfield, Ohio"
"Aileen674 ","Dearborn, Michigan"
"Aimee H ","Flint, Michigan"
"Aimee W ",null
"aimeeln ",London
"Airrion H ","Amherstburg, Canada"
"ajctraveler ",Louisville
"AJK810 ","Rochester Hills, Michigan"
"ajzale ",Worldwide
"AK-TravelerAlaska ",Alaska
"Akashi J ",Jamaica
"AKAshon ","Oakville, Canada"
"Akemi K ","East Lansing, Michigan"
"AKgrown_goes_to_Indo ","Nikiski, Alaska"
"Akhaley ",Texas
"Akleit ","Silver Spring"
"Akuna M ","Windsor, Ontario, Canada"
"Al L ",null
"Al M ",null
"Al T ",Michigan
"al-diana ","Livonia, Michigan"
"alainbeland ","Moncton, New Brunswick"
"Alan B ",null
"Alan F ",Milan
"Alan G ","Sturgis, Michigan"
"Alan H ","Detroit, Michigan"
"Alan K ","Franklin, Michigan"
"Alan M ","Kitchener, Canada"
"Alan P ","New York, New York, United States"
"Alan S ","Detroit, Michigan"
"alan w ","West Bloomfield, Michigan"
"Alan304 ",null
"AlanCaskey ","Arlington, TX"
"Alanna S ","Marquette, Michigan, United States"
"Albanut ","Detroit, Michigan"
"ALBarrie ","Fort Wayne, Indiana"
"ALBennett ","Toronto, Canada"
"Albert C ","Detroit, Michigan, United States"
"AlbertaVagabond ","New Orleans, Louisiana"
"ALCabotaje ","Chicago, Illinois"
"Aldmar F ","Brooklyn, New York"
"Alec H ",null
"AlecO O ","Sterling Heights, Michigan"
"Aleise ","West Bloomfield, MI"
"Alejandra V ","Bath, Michigan"
"Alejandro A ","Cincinnati, Ohio"
"Alejandro R ",Tennessee
"alejotb ","Medellin, Colombia"
"alembr ","Traverse City, Michigan"
"alex154995 ","New Hudson"
"AlexandBunnie ",Dearborn
"Alexander G ",null
"Alexander P ","Grosse Pointe, Michigan"
"Alexander S ",null
"Alexander V ",null
"Alexandra M ","Detroit, Michigan"
"AlexAtFox ",Calgary
"alexbaby33 ","Chicago, Illinois"
"Alexchoe ","Detroit, Michigan"
"alexfromtoronto2016 ","Toronto, Canada"
"alexkuruvi ","Riverside, California"
"Alexsm6 ","Portsmouth, United Kingdom"
"alfiemp ","Fort Myers"
"Alfio G ","Sydney, Australia"
"Alfonso M ","Cambridge, Canada"
"Alfred79 ","New York, NY"
"ALFreundl ","Detroit, Michigan"
"AlfSue ",Toronto
"Ali D ",null
"Ali S ","Columbia, South Carolina"
"Ali07London ","Detroit, Michigan"
"alibird ","Sarasota, FL"
"Alice C ","Cleveland, Tennessee"
"Alice T ","Warren, Michigan, United States"
"alicia c ",null
"Alicia S ",null
"AliiDrive ",Michigan/Hawaii
"Alikatt62 ","Seattle, Washington"
"Alina M ","White Plains, New York"
"aliosun ","Eastpointe, Michigan"
"Alisha C ","Okemos, Michigan"
"Alisha H ","Grand Rapids"
"Alison C ","Royal Oak, Michigan"
"Alison D ","Detroit, Michigan"
"AlissaJ5 ","Wynnewood, Pennsylvania"
"Alissar H ","Ann Arbor, Michigan"
"Alitalia10 ","Murray, Kentucky"
"ALJSKEE ","Chicago, Illinois"
"alkonet ","St. Petersburg, Florida"
"Allan G ","La Mesa, California"
"Allan2 ","London, Canada"
"allanbowers ","Russells Point, Ohio"
"AllanGo ",Atlanta
"AllanS1 ",Toronto
"Allen B ",null
"Allen G ",null
"Allen T ","Little Egg Harbor, New Jersey"
"Allen W ","Detroit, Michigan"
"AllenW75 ","Ontario, Canada"
"Allez-y-donc ","Toronto, Canada"
"Allie E ","Henning, Tennessee"
"Allie P ","Ypsilanti, Michigan"
"Allison D ","Cleveland, OH"
"Allison Holly S ",null
"Allison O ","Grand Blanc, Michigan"
"Allison R ","San Francisco, California"
"allisoncracc ","Detroit, MI"
"AllisonMB555 ","Dearborn, Michigan"
"Allistra ","Perth, Australia"
"allnew ",null
"allrightie ",Detroit
"allthegirls2014 ","Lake Worth, Florida"
"Ally O ",Detroit
"Allyson S ","Perrysburg, Ohio"
"allyson360 ","Olympia, Washington"
"Alonda H ","Detroit, Michigan"
"Alonzo B ",null
"ALpalpalpalpalp ",null
"alphabetty ",Cali
"alphaqueen ","Detroit, Michigan"
"AltamonteTraveler ","Orlando, Florida"
"altogardener ","Detroit, Michigan"
"Alv R ","Santiago de los Caballeros, Dominican Republic"
"alviemsw ","Rancho Cucamonga, California"
"AlvinaG_13 ",null
"ALVINMICHELLE ",null
"alwaysfun2travel ",Pennsylvania
"alwaysonthemoveee ",null
"Alwaystravel999 ","Bloomfield Hills, Michigan"
"Aly M ","Shreveport, Louisiana"
"Alyn T ",null
"Alyssa H ","Buffalo, New York"
"Alyssa M ","Madison Heights, Michigan"
"Alyssa R ","Fairmont, West Virginia"
"alyssa00 ","Redford, Michigan"
"am_a_a20062002 ",Baltimore
"am1belle ",Ontario
"amalavita1 ","Halifax, Canada"
"Amanda A ","Niagara Falls, Ontario, Canada"
"Amanda B ","Detroit, Michigan"
"Amanda C ",null
"Amanda K ","Nashville, Tennessee"
"Amanda M ",null
"Amanda S ",null
"Amanda V ","Santa Clara, CA"
"Amanda W ",null
"Amanda Z ","Sydney, Australia"
"amandawest44 ","Grand Haven, Michigan"
"amariegu ","Garden City, Michigan"
"AmarilisVos ","Jabbeke, Belgium"
"Amaya H ","Washington, DC"
"amb09013 ","Boston, Massachusetts"
"Amber C ",Howell
"Amber D ","Ann Arbor, Michigan"
"Amber J ","Fort Wainwright, Alaska"
"Amber P ",Windsor
"Amber R ","San Francisco, California"
"amberenergy84 ","Fort Lauderdale, Florida"
"amd58 ","Detroit, Michigan"
"amd6551 ",uk
"AMD67 ",null
"Amerellis ",Jackson
"Americamba37 ","Bogota, Colombia"
"Americana_Mama ","Detroit, Michigan"
"americanhistorybuff ",Michigan
"AmericanInHeidelberg ","Wilmette, Illinois"
"Amishcowboy ","Lancaster, Pennsylvania"
"AmitJ24 ","Greater Detroit Area, MI"
"AMLook ","Toronto, Canada"
"Ammanfamily ",Tilburg
"Amor B ",null
"amsteketee ","Macomb, Michigan"
"amw79 ","Chicago, Illinois"
"Amy B ","Detroit, Michigan"
"Amy D ","Plymouth, Michigan"
"Amy F ","Chicago, Illinois"
"Amy G ","Lillian, Alabama"
"Amy M ","San Francisco, California"
"Amy P ","Lansing, MI"
"Amy R ",Michigan
"Amy S ",michigan
"Amy T ","Ontario, Canada"
"Amy W ","Sunbury, Ohio"
"Amy_and_Jeremy ","Kirkland, Washington"
"amybatt ","Manchester-by-the-Sea, Massachusetts"
"amyjean03 ","New Baltimore, Michigan"
"amylovesaruba ","Morgantown, West Virginia"
"AmyLynn1980 ","Davenport, Iowa, United States"
"amynaadi1 ","Pennington, New Jersey"
"Ana C ","Brooklyn, New York"
"Ana Maria S ","Chicago, Illinois"
"Ana R ","Detroit, Michigan"
"Ana T ","Detroit, Michigan"
"analina-lecoq ","Detroit, MI"
"Ananda T ","Burnaby, Canada"
"Anastacia B ","Middlebury, Indiana"
"Anastasia O ","Atlanta, Georgia"
"Ancestralpathfinder ","Detroit, Michigan, USA"
"andersbeme ","Warwick, New York"
"AndersFG ","Ann Arbor, Michigan"
"andersonbrenda835 ","Detroit, Michigan"
"Andre E ",null
"Andre F ",brossard
"Andrea B ","Bay City, Michigan"
"Andrea G ","Fairfield, Connecticut"
"Andrea N ","Lisbon, Portugal"
"Andrea P ",null
"andreagD4027IJ ",null
"Andreas W ",null
"Andree B ","Brampton, Ontario, Canada"
"Andrei S ","Clemmons, North Carolina"
"Andressagraciela ","Santo Andre, SP"
"Andrew B ","Detroit, Michigan, United States"
"andrew c ","Miami Beach, Florida"
"Andrew F ","Boston, Massachusetts"
"Andrew H ","Toronto, Canada"
"Andrew L ","St. Catharines, Canada"
"Andrew M ","Detroit, Michigan"
"Andrew S ","Detroit, Michigan"
"Andrew T ","Detroit, Michigan"
"andrewbW737BY ","Milford, Michigan"
"andrewbY8839LG ",null
"AndrewReese ",null
"androidmilf ","Vancouver, Canada"
"Andy D ","Detroit, United States"
"Andy H ","Aurora, Illinois"
"Andy M ","Houston, Texas"
"Andy S ","Ann Arbor, Michigan, USA"
"Andy T ","Lakewood, Ohio"
"andy_and_lisa_2010 ","belmont, mi"
"Andybacca ","Atlanta, Georgia"
"andylanglais ","Harrison Township, Michigan, United States"
"andyn656 ","York, United Kingdom"
"Ange425 ","Sterling Heights, MI"
"Angel W ","Morris, NJ"
"Angela A ","McMurdo Station Antarctica"
"Angela B ","Detroit, Michigan, United States"
"Angela C ","Sandusky, Ohio, United States"
"Angela G ","Indianapolis, Indiana"
"Angela H ","PALM SPRINGS, CA"
"Angela J ","Southfield, Michigan"
"Angela L ","Traverse City, Michigan"
"Angela P ","Marine City, Michigan"
"Angela W ",null
"angela245 ","Fishers, Indiana"
"angelasF1742DY ","Traverse City,"
"AngelBAK ","Bluffton, South Carolina"
"angeleyz827 ",Ontario
"Angelica L ",Windsor
"Angelicia R ",Paris
"angelictraveler115 ","Rockwood, Michigan"
"Angeline S ","Waterford, Michigan"
"Angie B ",Detroit
"Angie C ",null
"Angie M ",Michigan
"Angie P ","Chesapeake, Virginia"
"Angie_Ohio ","Detroit, Michigan"
"Angie_Reisefreunde ","Berlin, Germany"
"angieges ","Monroe, Michigan"
"AngieJ118 ","Mason, Ohio"
"angryrose ","Portsmouth, New Hampshire"
"Anijo ","Coon Rapids, Minnesota"
"Anikathree S ","Detroit, Michigan"
"Anita B ",null
"Anita S ","Oxnard, CA"
"Anitajoyce23 ",Conklin
"anjbee ",la
"Anjolynjan ","Atlanta, GA"
"Anjoyce ","Detroit, Michigan"
"anly ","Warren, Michigan"
"Ann A ","Los Angeles, California"
"Ann B ","Rio de Janeiro, RJ"
"Ann C ","Detroit, Michigan"
"Ann D ","Flint, Michigan"
"Ann G ","Lincoln Park, Michigan"
"Ann J ",null
"Ann M ","Westland, Michigan, United States"
"Ann S ","Luling, Louisiana"
"Ann W ","Saint Paul, Minnesota"
"Anna C ","Lincoln Park, Michigan, United States"
"Anna S ","New York City, New York"
"Anna W ",Sarasota
"Annabelle B ","Detroit, Michigan, United States"
"Annabelle C ",null
"AnnArborTravelMan ","Ann Arbor, Michigan"
"AnnaZ380 ",Macomb
"annbell ","little rock, arkansas"
"AnnDG_12 ","Ann Arbor, Michigan"
"Anne B ","Rainier, Oregon"
"Anne D ",Aruba
"Anne F ","Bloomfield Hills, Michigan"
"Anne K ","Okemos, Michigan"
"Anne L ","Detroit, Michigan"
"Anne Mary F ","Coimbatore, India"
"Anne R ","Anaheim, California"
"Anne W ","Saint Louis, Missouri"
"Anne-marie A ",Trenton
"AnneCowdale ","Buxton, United Kingdom"
"AnneH2663 ","Baltimore, Maryland"
"Anneke F ",null
"AnneSoCa ","So Ca"
"annessy1 ",null
"AnneStCroix ","St. Croix"
"Annette G ",Waterville
"Annette J ","Detroit, Michigan"
"Annie J ","Pagosa Springs, Colorado"
"Annie Y ","Grand Rapids, Michigan, United States"
"Annie48915 ","Lambton Shores, Canada"
"AnnieB952 ","Chatham, Canada"
"AnnonTraveler5150 ","Orange County, California"
"Anonymous855 ","Trabuco Canyon, California"
"Anonymous925 ","San Francisco Bay Area"
"another_traveler0104 ",Ohio
"AntepJohn ","Atlanta, Georgia"
"Anthony A ","Shelby Township, Michigan"
"Anthony B ","Crawley, England, United Kingdom"
"Anthony C ","Sterling Heights, Michigan"
"ANTHONY G ","New Smyrna Beach, Florida"
"Anthony H ",null
"Anthony J ","Edgewood, Maryland"
"Anthony N ",null
"Anthony R ","Webberville, Michigan"
"Anthony S ","Valhalla, New York"
"Anthony T ",Canada
"Anthonyinjhb ","Manchester, United Kingdom"
"Antietam1932 ","Detroit, Michigan"
"Antiquelover2 ","By the lake in Indiana"
"AntonAnderssen ","Varazze, Italy"
"Antonio A ","Farmington Hills, Michigan"
"Antonio P ","Montclair, Virginia"
"Anuj S ","Chicago, Illinois"
"AnupThampi ","Thiruvananthapuram (Trivandrum), India"
"anvilmike ","lansing,mi."
"Apes44 ","Northern Michigan"
"aphillips005 ","Sterling Heights, Michigan"
"APL708 ",null
"applegirl57 ","Detroit, Michigan"
"AppNeer ","Boone, North Carolina"
"April F ",Cheboygan
"April G ","Austin, Texas"
"AprilB6 ","Willis, Michigan"
"AprilinCali ","Jupiter, Florida"
"AR4024 ","Kalamazoo, Michigan"
"ARadcliffe10 ",Northfield
"araz z ",null
"archiebird4291 ","clare, michgian"
"archiscot ","Toronto, Canada"
"ardeal22 ",null
"Ardele M ",Michigan
"Arell L ","Windsor, Ontario, Canada"
"Argott77 ","Windsor, Canada"
"Argyris T ","Detroit, Michigan"
"Arianne907 ",null
"Arika H ","Sterling Heights, Michigan"
"ArizonaDawna ","Wickenburg, AZ"
"Arjun J ",null
"Arjun K ","Hutchinson, Kansas"
"Arjun P ",Warren
"ARKSugarLand ",null
"Arlene734 ","Ann Arbor, Michigan"
"arlenejustice ",justice
"Armando E ","Hamburg, Germany"
"army_arch ",LEAMINGTON
"Arnell H ",Mccordsville
"Arnie055 ","Haifa, Israel"
"arnieb2 ","Northville, Michigan"
"arnold s ","Boise, Idaho"
"Arnold W ","Ludington, Michigan"
"Arnon G ","Cherry Hill, New Jersey"
"ARP313 ","Asheville, North Carolina"
"ArrowVoyager ",null
"Art d ","Novi, Michigan"
"Art48455 ","Livonia, Michigan"
"ArtByKatrina ","Jackson, Michigan"
"artgurl33 ","Nimes, France"
"arthistory4me ","Plymouth, Michigan"
"arthur k ","Medina, Ohio"
"Arthur M ",null
"Arthur R ",null
"Arthur V ","Farmington Hills, Michigan, United States"
"Arthur W ","Indianapolis, Indiana"
"Artisteyes ","Whanganui, New Zealand"
"Artly_Funn ","Atlanta, Georgia"
"artnants ","Sterling Heights, Michigan"
"arts20th ",null
"Arty72 ","East Providence, Rhode Island"
"Arun K ",null
"aruthanne ","Rome, Georgia"
"asalesky ","Detroit, Michigan"
"asaling ","Detroit, Michigan"
"ascot22ee ","Wixom, MI"
"asfiabrendan ",null
"Asfour2015 ",null
"Ash O ","New York City, New York"
"AshAsh W ","Pontiac, Michigan, United States"
"Ashish B ","Mountain View, California, United States"
"Ashley A ",null
"Ashley D ","Madison, Wisconsin"
"Ashley G ","London, Ontario, Canada"
"Ashley L ","Edmonton, Alberta, Canada"
"Ashley M ","Howell, Michigan, United States"
"Ashley S ","Detroit, Michigan, United States"
"Ashok2906 ","Thane, India"
"Ashton P ","Detroit, Michigan"
"asiantraveler2017 ","London, United Kingdom"
"Asiantraveler53 ","Chelsea, Michigan"
"Asiri S ","Dallas, Texas"
"asocialb ","Long Beach, California"
"Assiazar ","Grangemouth, United Kingdom"
"Astro W ",null
"astroblacks ",bethel
"aswezey ","Valley Stream, New York"
"atbw ",michigan
"ateenagetraveler ",null
"Atira C ","Newmarket, Canada"
"ATL_Jacket ","Atlanta, Georgia"
"atlas750 ",Detroit
"ATrav64 ","Rochester Hills, Michigan"
"atthe ","Novi, Michigan"
"atti2ud ","Harrison Twp"
"Atticangel1 ",null
"Aude48214 ","Detroit, Michigan"
"Audrey532 ","Austin, Texas"
"august2now ",null
"auntiekat ","Green Bay, Wisconsin"
"AuroraAurora_Ontario ","Aurora,Ontario"
"Aussie421 ","Detroit, Michigan"
"AussiesfromSydney ",Australia
"Austin R ","Bristol, Virginia"
"Austy488 ","Prior Lake, Minnesota"
"autismadvocate ",null
"Autumn M ",null
"autumnbrowning1 ","Detroit, Michigan"
"Ava I ",null
"Ava W ",null
"Aventuryn ","Vallejo, California"
"averagenorwegian ","Richmond, Virginia"
"AVHudnall ","Atlanta, Georgia"
"Avidtraveler2 ","Cincinnati, Ohio"
"avidtraveller027 ","Windsor, Canada"
"avis f ","Detroit, Michigan"
"avmm3 ","Lansing, Michigan"
"awall13 ","Tampa, Florida"
"awesomereviews ","Washington, Michigan"
"Awfu ","Detroit, Michigan"
"AWittyMoniker ","Fort Wayne, Indiana"
"awomansopinion ",Westerville
"AXA_RUNNER99 ","Glen Ridge, NJ"
"Axel S ",null
"axpjester ",Frederick
"aydenjayden ","Lexington, Michigan"
"AZDigby2015 ","Gilbert, Arizona"
"AZnewbe ","Detroit, Michigan"
"azodad ","Kalamazoo, Michigan"
"azogal ","West Lafayette IN"
"AZvacation2015 ","Pittsburgh, Pennsylvania"
"B D ","Waterloo, Ontario, CA"
"B G ",Colorado
"b m ","London, Canada"
"B N ","Ottawa, Ontario"
"B R ","Detroit, Michigan"
"B T ","Detroit, Michigan"
"B_La_22 ","Sterling Heights, Michigan"
"B_RadOU812 ","Milford, Michigan"
"b0b009 ",Michigan
"b0v ","Liverpool, United Kingdom"
"B2391ZSpaulam ","Bloomfield Hills, Michigan"
"B9ers ",Ottawa
"BAA5000 ","Commerce Township, Michigan"
"BAB38 ","Detroit, Michigan"
"Babemigmig ",null
"Babs G ","Toledo, Ohio"
"babs W ","Rome, Italy"
"Babsonvacation ",Toronto
"babsxi ","Ypsilanti, Michigan"
"Babycakes10-6-12 ",Detroit
"Babyrue ","St. Louis, Missouri, United States"
"bacgrl ","New York City, New York"
"backman1021 ",null
"Backroads59 ","Kitchener, Canada"
"bad4bob ","Frisco, Texas"
"badger1010 ","Worcester, United Kingdom"
"badnan ","Sterling Heights, Michigan"
"badttboy ","Philadelphia, Pennsylvania"
"bahweting ",null
"Baileydesigns ","Clinton Township"
"Baja_Girlie ","Adrian, Michigan"
"bakaufman ","Perrysburg, Ohio"
"balasubramanian16847 ","Chennai (Madras), India"
"balticbash ","Emsworth, United Kingdom"
"Bamaref1 ","Eastaboga, Alabama"
"Bammer4 ",Michigan
"BAMW ","Royal Oak, Michigan"
"BancyN ","Palos Hills, Illinois"
"BandBsRGr8 ","New York City, New York"
"banewman ",null
"bangbay ","Los Angeles, California"
"bangodet ","Detroit, Michigan"
"bangsibear ","Boston, Massachusetts"
"bankfox ","Detroit, Michigan"
"bankst790 ","Detroit, Michigan"
"BAppelt1 ","Pensacola, Florida"
"Barbara B ","Coldwater, Michigan"
"Barbara F ",null
"Barbara G ","Plymouth, Michigan"
"Barbara J ","Canton, Michigan"
"Barbara N ",Atlanta
"Barbara P ","Sunnyvale, California"
"Barbara R ","Highland, Michigan"
"Barbara S ","Wilmette, Illinois"
"Barbara S T ","Acton, United States"
"Barbara T ",null
"Barbara W ","Saginaw, Michigan, United States"
"BarbaraG164 ","Berea, Ohio, United States"
"barbarahM3570NL ",null
"BarbC73 ","Rochester Hills, Michigan"
"Barbie A ",null
"BarbT_Phila_PA ","Orlando, Florida"
"Barbulet ","Maastricht, The Netherlands"
"Bard L ","Saint Clair Shores, Michigan"
"Barenderfl ",Detroit
"bargrae ","Dublin, Ireland"
"barnet38 ","Detroit, Michigan"
"barney4852 ","Bend, Oregon"
"barneyd99 ",barneyd99
"barnfeline ","Edmonton, Canada"
"Baronation ",null
"BaronessEast ","New York City"
"BaronFoer ","Jacksonville, Florida"
"Barry B ",Peterborough
"Barry C ","Detroit, Michigan"
"Barry1959 ",null
"BarryN857 ","Detroit, Michigan"
"barrythewombat ","northern california"
"BaseballTraveler16 ","White Lake, Michigan"
"basic42391 ","Lansing, Michigan"
"bassetthound18 ","Grand Rapids, Michigan"
"BathCityUSA ","Mount Clemens, Michigan"
"BathMonkey ",null
"batikmom ","Beverly Hills, Michigan"
"baxterau ",Macomb
"BayAreaTraveler2 ","New York City, New York"
"baybahandbabe ","Detroit, Michigan"
"BayCitySue ",Michigan
"baydahanna ","Sterling Heights, Michigan"
"bb10161 ","Clarkston, Michigan"
"bbcrfc ","Toronto, Canada"
"bbrauns ",null
"BCMorris ","Morris, Illinois"
"BCox5495 ",Leslie
"BCRoadie ","Victoria, Canada"
"bcsystems ","Westland, Michigan"
"BDavis1236 ","Westland, Michigan"
"bdcall ","Ann Arbor, Michigan"
"bdd48226 ",null
"BDNRHarris ","Charlevoix, Michigan"
"bdochert ","Garden City, Michigan"
"bdrummy ","New York City"
"bdun87 ",Windsor
"beach bum in ohio ",perrysburg
"Beach1001 ","Lake Orion, Michigan"
"beachaloperon ","Ann Arbor, Michigan"
"beachbumtim ","Medina, Ohio"
"BeachLover1997 ","Evansville, Indiana"
"beachlover2011_11 ",Ontario
"BeachnSnowTraveler ","Bangor, Maine"
"Beachtime1376 ","Hilton Head, South Carolina"
"Beacon0405 ",null
"Beadle_07 ",Illinois
"BeaEllen W ","Memphis, Michigan, United States"
"Beanie239 ","Syracuse, New York"
"Bearable1954 ","New Braunfels"
"Bears3454 ",null
"BeatlesFan33 ","Cincinnati, Ohio"
"Beaton62 ",Ontario
"Beattieclan ","Detroit, Michigan"
"beavermomma ","Ramsey, New Jersey"
"Beavis007 ","Battle Creek, Michigan"
"Becca M ",null
"Becca U ","Houston, Texas"
"becca702016 ","Toronto, Canada"
"beckmey11 ","Pleasant Ridge, Michigan,United States"
"becksfamily ","Warren, Michigan"
"Becky D ","Toronto, Canada"
"Becky G ","Macomb, Michigan"
"Becky R ","Manchester, Michigan"
"Becky T ","Troy, Michigan, United States"
"Becky W ","Grand Traverse County, Michigan"
"Becky053 ","Beverly Hills, Michigan, USA"
"Becky621 ","Jenison, Michigan"
"beckysuenyc ",nyc
"BeckySuzyMom ","Columbus, Ohio"
"bedot ","Milwaukee, Wisconsin"
"Beenhereawhile_DB ","Southfield, Michigan"
"beenhereforever ","Amherstburg, Canada"
"beenr271 ","Southeastern MI"
"beerbob1950 ","Sturgis, Michigan"
"BeLaZe ","Penfield, New York"
"Belinda K ","Melbourne, Australia"
"belizebound2014 ","Detroit, Michigan"
"BellaBeachGirl ","Cape Cod, Massachusetts"
"BelleClover ",Michigan
"Bellecoop ","Alexander, Arkansas"
"Ben A ",null
"Ben C ","Linden, Michigan"
"Ben H ",null
"Bendaire ","Cincinnati, Ohio"
"benduf7 ","Ann Arbor, Michigan"
"Benjamin G ","Detroit, Michigan"
"Benjamin O ","Mount Clemens, Michigan"
"bennis91 ","Northern Virginia"
"Bennyjenkins79 ",null
"benthony_ny ",null
"berlaxin ","South Lyon, Michigan"
"BermyHelenWilson ","Hamilton, Bermuda"
"Bernadette H ",USA
"Bernardo F ","Detroit, Michigan"
"beryle2 ","Grand Rapids, Michigan"
"Beta J ","Rochester Hills, Michigan"
"Beth B ","Huntington Woods, Michigan"
"Beth C ","E. Lansing"
"Beth E ","Rochester, MI"
"Beth K ","Southfield, Michigan, United States"
"Beth N ",GR
"Beth W ","Kalamazoo, Michigan"
"Bethann D ","Detroit, Michigan"
"Bethany F ","Los Angeles, California"
"Bethany S ",Michigan
"BethsGetaways ","Ann Arbor, Michigan"
"BethV3 ","Pleasant Lake, Michigan"
"Bettina L ","Dallas, Texas"
"Bettinfor2 ",null
"betty b ","Orlando, Florida"
"Betty L ","Sherwood, Wisconsin"
"Betty O ","Niagara On The Lake"
"BettyM27 ","Detroit, Michigan"
"Bev_in_SantaFe ","Midland, Michigan"
"Bev48124 ",null
"beverleyb229 ",USA
"Beverly I ","Westhampton, Massachusetts"
"Beverly N ",null
"Beverly P ",null
"Beverly S ","Shelby Township"
"beverlycameron ","Detroit, Michigan"
"bevowl ",null
"BEW64 ","Allen Park, Michigan"
"Beyond_YXU ","London, Canada"
"BF2531 ","Toledo, Ohio"
"Bfordtraveller ","Brantford, Ontario"
"BGElisabeth ","Bowling Green, Ohio"
"BGfalcon2012 ","Rochester, Michigan"
"bgjolie ","Toronto, Canada"
"bglover84 ","Madison, Wisconsin"
"bharrisrn ","Walnut Creek, California"
"BHartMich ","Northville, Michigan"
"Bhazzard ",Woodstock
"BHH3 ","Denver, Colorado"
"bhoke ",null
"Bhuparyatak14 ","Detroit, Michigan"
"Bierpapst ","Vienna, Austria"
"BiffHumble ","Dover, Delaware"
"Big Ed W W ",null
"bigbird94 ","Detroit, Michigan"
"BigBlueBall ","Detroit, Michigan"
"bigborisbushkin ",Cambridge
"BigCJ65 ","Boston/Cape Cod"
"Bigdaddy71100 ",null
"BigDDetroit_MI ","Detroit, MI"
"BigDMI ","Algonac, Michigan"
"BigDob ","Detroit, Michigan"
"bigdog1382 ","Los Angeles, CA"
"Bigfish5306 ",Michigan
"biggeejack ","Grand Rapids, Michigan"
"bigjoe950 ","New York City, New York"
"Bigo1952 ","Battle Creek, Michigan"
"bigodiddy ","Youngstown, Ohio"
"bigorange1103 ","Marshall, North Carolina"
"bigredspx ","County Antrim, N.Ireland"
"Bigrita ","Brampton, Canada"
"BigStew44 ","Franklin, Michigan"
"BigWig724 ","Midland, Michigan"
"bigworm76 ",null
"bikergordy ","Harrow Ontario"
"Bill B ","Bentleyville, Pennsylvania, United States"
"Bill C ","San Pedro, Belize"
"Bill F ","Detroit, Michigan"
"Bill K ","Mantorville, Minnesota"
"Bill L ","Saint Paul, Minnesota"
"Bill P ","Elizabethton, Tennessee"
"Bill R ","Rochester Hills, Michigan"
"Bill S ","Grayslake, Illinois"
"Bill T ","Dearborn Heights, Michigan"
"Bill_Gorton ","Chicago, Illinois"
"Bill_M_Toronto ",Toronto
"Bill516 ",null
"bill925 ","Southfield, Michigan, United States"
"BillB_10 ","Mold, United Kingdom"
"Billcmh ","Columbus, Ohio"
"billieboyblueEngland ",england
"BillMuldoon ","Harpswell, Maine"
"Billsmith ","Detroit, Michigan"
"BillTLansing ",Lansing
"Billy B ","Berkley, Michigan"
"Billy J ","Detroit, Michigan"
"Billy P ",null
"Billy S ",null
"billyminier ","s.e. michigan"
"Bilncrs ","Barking, United Kingdom"
"binu8590 ","Farmington Hills, Michigan"
"BiracialTravelWoman ",Chicago
"birderPa ","Detroit, Michigan"
"BirdWord58 ","Detroit, Michigan"
"Birkie2 ","Farmington Hills, Michigan"
"bish211264 ","Jonesville, Michigan"
"BishopCM2013 ","Farmington Hills, Michigan"
"Bishopg3 ","Detroit, Michigan"
"BiteDoc08 ","Atlanta, GA"
"bitler ","Newport Beach, CA"
"biz267 ","New Hudson, Michigan"
"bizcoachdawn ","Shelby Township, Michigan"
"biztravelerChicago ",Chicago
"BJ K ","Bay City, Michigan"
"BJ S ","Taylorsville, Kentucky"
"BjAaTravels ","Ann Arbor, Michigan"
"bjcmich ","Newport, Michigan"
"BJKNYY ","New York City, New York"
"BJL480 ","Detroit, Michigan"
"bjmeismer ","Clarkston, Michigan"
"Bjohn2469 ","Shawano, Wisconsin"
"BJRCollins ","Victoria, Seychelles"
